References,Qty,Value,Manufacturer,MPN,Footprint,Datasheet,Supplier,Supplier PN,Estimated Unit Cost USD,Price Observed UTC,Stock Observed,Lifecycle Status,Lifecycle/Availability Evidence UTC,Alternate MPN / Source,Cost Basis,BOM Comments
C1,1,4.7uF 10V X5R,Murata,GRM31CR61A475KA01L,Capacitor_SMD:C_1206_3216Metric,https://www.murata.com/en-global/products/capacitor/mlcc/overview/lineup,DigiKey,490-3902-1-ND,0.20,2026-08-21,Not verified — distributor API credentials unavailable,Lifecycle not machine-verified; check manufacturer PCN/EOL sources before release,2026-08-21,,Public distributor listing/search estimate; not a quote,Protected 5 V bulk capacitor; total carrier input capacitance remains below 10 uF nominal.
"C2, C4, C10",3,100nF 50V X7R,Murata,GRM188R71H104KA93D,Capacitor_SMD:C_0603_1608Metric,https://search.murata.co.jp/Ceramy/image/img/A01X/G101/ENG/GRM188R71H104KA93-01.pdf,DigiKey,490-1519-1-ND,0.02,2026-08-21,Not verified — distributor API credentials unavailable,Lifecycle not machine-verified; check manufacturer PCN/EOL sources before release,2026-08-21,,Public distributor listing/search estimate; not a quote,High-frequency bypass on protected 5 V rail.; High-frequency bypass on the 3V3 rail.; Button hardware debounce; firmware still applies bounded debounce and long-press timing.
C3,1,10uF 10V X5R,Murata,GRM31CR61A106KA01L,Capacitor_SMD:C_1206_3216Metric,https://search.murata.co.jp/Ceramy/image/img/A01X/G101/ENG/GRM31CR61A106KA01-01.pdf,LCSC,C97949,0.3351,2026-08-21,22,Lifecycle not machine-verified; check manufacturer PCN/EOL sources before release,2026-08-21,,1 @ $0.3351,Local bulk capacitor on the XIAO 3V3 output; regulator is on the module.
"C5, C6",2,1uF 16V X7R,Murata,GRM188R71C105KA12D,Capacitor_SMD:C_0603_1608Metric,https://www.murata.com/en-global/products/capacitor/mlcc/overview/lineup,DigiKey,TBD—verify before order,0.08,2026-08-21,Not verified — distributor API credentials unavailable,Lifecycle not machine-verified; check manufacturer PCN/EOL sources before release,2026-08-21,,Public distributor listing/search estimate; not a quote,"DVDD local bypass; Nuvoton Rev. 2.6 p.24.; AVDD/LDO local bypass; low-ESR, Nuvoton Rev. 2.6 pp.6,24."
"C7, C8",2,100nF 50V X7R,Murata,GRM188R71H104KA93D,Capacitor_SMD:C_0603_1608Metric,https://www.murata.com/en-global/products/capacitor/mlcc/overview/lineup,DigiKey,TBD—verify before order,0.02,2026-08-21,Not verified — distributor API credentials unavailable,Lifecycle not machine-verified; check manufacturer PCN/EOL sources before release,2026-08-21,,Public distributor listing/search estimate; not a quote,VBG bypass per Nuvoton Rev. 2.6 p.24.; Differential bridge-input filter after the two 47 Ω series resistors.
C9,1,330pF 50V C0G,Murata,GRM1885C1H331JA01D,Capacitor_SMD:C_0603_1608Metric,https://www.murata.com/en-global/products/capacitor/mlcc/overview/lineup,DigiKey,TBD—verify before order,0.05,2026-08-21,Not verified — distributor API credentials unavailable,Lifecycle not machine-verified; check manufacturer PCN/EOL sources before release,2026-08-21,,Public distributor listing/search estimate; not a quote,Optional PGA-output Cfilter between VIN2P and VBG; enable PGA_CAP_EN; Nuvoton p.24.
C11,1,1uF 16V X7R,Murata,GRM188R71C105KA12D,Capacitor_SMD:C_0603_1608Metric,https://www.murata.com/en-global/products/capacitor/mlcc/overview/lineup,DigiKey,490-3897-1-ND,0.08,2026-08-21,Not verified — distributor API credentials unavailable,Lifecycle not machine-verified; check manufacturer PCN/EOL sources before release,2026-08-21,,Public distributor listing/search estimate; not a quote,Local VBUS input bypass; total nominal input capacitance remains below 10 uF.
D1,1,SMF5.0A,Littelfuse,SMF5.0A,Diode_SMD:D_SOD-123F,https://www.littelfuse.com/assetdocs/tvs-diodes-smf-datasheet?assetguid=7eb8a5b6-bdd0-4561-8f19-0c3cc6f9b2af,DigiKey,F8583CT-ND,0.30,2026-08-21,Not verified — distributor API credentials unavailable,Lifecycle not machine-verified; check manufacturer PCN/EOL sources before release,2026-08-21,,Public distributor listing/search estimate; not a quote,VBUS transient clamp; place at J1 with short return to ground.
D2,1,B140-13-F,Diodes Incorporated,B140-13-F,Diode_SMD:D_SMA,https://www.diodes.com/assets/Datasheets/ds13002.pdf,LCSC,C15759,0.0856,2026-08-21,59660,Lifecycle not machine-verified; check manufacturer PCN/EOL sources before release,2026-08-21,,5 @ $0.0856 each,Series reverse-current block prevents carrier USB input from being back-fed by U1 USB.
D3,1,RGB STATUS,Broadcom Limited,ASMT-YTC7-0AA02,LED_SMD:LED_Avago_PLCC6_3x2.8mm,https://docs.broadcom.com/docs/AV02-3819EN,JLCPCB,C5555828,1.7772,2026-08-22,79,Lifecycle not machine-verified; check manufacturer PCN/EOL sources before release,2026-08-22,,1 @ $1.7772; JLCPCB extended part,"Current YTC7 replacement for obsolete YTC2. Datasheet lead map: 1 KB, 2 KG, 3 KR, 4 AR, 5 AG, 6 AB. Independently driven active-low cathodes; text/icon fault detail remains in the PWA."
F1,1,500mA hold,Bourns,MF-MSMF050-2,Fuse:Fuse_1812_4532Metric,https://www.bourns.com/docs/product-datasheets/mf-msmf.pdf,LCSC,C17313,0.0668,2026-08-21,47400,Lifecycle not machine-verified; check manufacturer PCN/EOL sources before release,2026-08-21,,10 @ $0.0668 each,500 mA hold / 1 A trip PPTC; preserves <500 mA normal-current design target.
J1,1,USB-C POWER ONLY,Global Connector Technology,USB4105-GF-A,Connector_USB:USB_C_Receptacle_GCT_USB4105-xx-A_16P_TopMnt_Horizontal,https://gct.co/files/drawings/usb4105.pdf,LCSC,C3020560,1.0659,2026-08-21,926,Lifecycle not machine-verified; check manufacturer PCN/EOL sources before release,2026-08-21,,1 @ $1.0659,Power-only UFP. CC1/CC2 each use 5.1k Rd. D+/D-/SBU are intentionally NC. Shell to GND.
J2,1,LOAD CELL E+/E-/S+/S-,JST,SM04B-GHS-TB(LF)(SN),Connector_JST:JST_GH_SM04B-GHS-TB_1x04-1MP_P1.25mm_Horizontal,https://www.jst-mfg.com/product/pdf/eng/eGH.pdf,LCSC,C189895,1.1182,2026-08-21,0,Lifecycle not machine-verified; check manufacturer PCN/EOL sources before release,2026-08-21,,1 @ $1.1182; out of stock,"Keyed carrier connector. Pin 1 E+, 2 E-, 3 S+ (green), 4 S- (white). LCSC C189895 was out of stock when checked; verify DigiKey/alternate stock before ordering. Mating housing and contacts are external BOM items."
J3,1,UART DEBUG 3V3,Samtec,TSW-104-07-G-S,Connector_PinHeader_2.54mm:PinHeader_1x04_P2.54mm_Vertical,https://suddendocs.samtec.com/prints/tsw-1xx-xx-xxx-x-xx-xx-mkt.pdf,JLCPCB,C3335156,0.6472,2026-08-21,337,Lifecycle not machine-verified; check manufacturer PCN/EOL sources before release,2026-08-21,,1 @ $0.6472,"Optional 3.3 V UART header: pin 1 3V3, 2 GND, 3 TX (D6/GPIO21), 4 RX (D7/GPIO20). Do not apply 5 V logic."
"R1, R2",2,5.1k 1%,Yageo,RC0603FR-075K1L,Resistor_SMD:R_0603_1608Metric,https://www.yageo.com/upload/media/product/productsearch/datasheet/rchip/PYu-RC_Group_51_RoHS_L_16.pdf,DigiKey,311-5.10KHRCT-ND,0.02,2026-08-21,Not verified — distributor API credentials unavailable,Lifecycle not machine-verified; check manufacturer PCN/EOL sources before release,2026-08-21,,Public distributor listing/search estimate; not a quote,USB-C CC1 Rd; 5.1 kΩ to GND per USB Type-C sink power role.; USB-C CC2 Rd; 5.1 kΩ to GND per USB Type-C sink power role.
"R3, R4",2,47R 1%,Yageo,RC0603FR-0747RL,Resistor_SMD:R_0603_1608Metric,https://www.yageo.com/upload/media/product/productsearch/datasheet/rchip/PYu-RC_Group_51_RoHS_L_16.pdf,DigiKey,311-47.0HRCT-ND,0.02,2026-08-21,Not verified — distributor API credentials unavailable,Lifecycle not machine-verified; check manufacturer PCN/EOL sources before release,2026-08-21,,Public distributor listing/search estimate; not a quote,Bridge input series filter resistor per Nuvoton Rev. 2.6 p.24.
"R5, R6",2,4.7k 1%,Yageo,RC0603FR-074K7L,Resistor_SMD:R_0603_1608Metric,https://www.yageo.com/upload/media/product/productsearch/datasheet/rchip/PYu-RC_Group_51_RoHS_L_16.pdf,DigiKey,311-4.70KHRCT-ND,0.02,2026-08-21,Not verified — distributor API credentials unavailable,Lifecycle not machine-verified; check manufacturer PCN/EOL sources before release,2026-08-21,,Public distributor listing/search estimate; not a quote,Carrier-owned 3.3 V I2C pull-up; do not parallel strong module pull-ups.
R7,1,10k 1%,Yageo,RC0603FR-0710KL,Resistor_SMD:R_0603_1608Metric,https://www.yageo.com/upload/media/product/productsearch/datasheet/rchip/PYu-RC_Group_51_RoHS_L_16.pdf,DigiKey,311-10.0KHRCT-ND,0.02,2026-08-21,Not verified — distributor API credentials unavailable,Lifecycle not machine-verified; check manufacturer PCN/EOL sources before release,2026-08-21,,Public distributor listing/search estimate; not a quote,External pull-up for dedicated active-low button.
"R8, R9, R10",3,220R 1%,Yageo,RC0603FR-07220RL,Resistor_SMD:R_0603_1608Metric,https://www.yageo.com/upload/media/product/productsearch/datasheet/rchip/PYu-RC_Group_51_RoHS_L_16.pdf,LCSC,C107696,0.0061,2026-08-21,417400,Lifecycle not machine-verified; check manufacturer PCN/EOL sources before release,2026-08-21,,100 @ $0.0061 each,RGB channel current limiting; final brightness/current is a bench-verification item.
SW1,1,TARE/CAL/RECOVERY,C&K (Littelfuse),PTS810SJM250SMTRLFS,Button_Switch_SMD:SW_SPST_PTS810,https://www.ckswitches.com/media/1476/pts810.pdf,DigiKey,CKN10502CT-ND,0.20,2026-08-21,Not verified — distributor API credentials unavailable,Lifecycle not machine-verified; check manufacturer PCN/EOL sources before release,2026-08-21,,Public distributor listing/search estimate; not a quote,"Dedicated user button, active low; firmware differentiates short/long hold. Not the XIAO BOOT/RESET control."
U1,1,Seeed XIAO ESP32-C3,"Seeed Technology Co., Ltd.",113991054,spool-sentry:XIAO_ESP32C3,https://files.seeedstudio.com/Bazaar/product_pdf/113991054.pdf,Seeed Studio,113991054,4.99,2026-08-21,Not verified — distributor API credentials unavailable,Lifecycle not machine-verified; check manufacturer PCN/EOL sources before release,2026-08-21,,Public distributor listing/search estimate; not a quote,Module USB-C is the supported programming/recovery port; battery pads are DNP/unused.
U2,1,NAU7802SGI,Nuvoton Technology Corporation,NAU7802SGI,Package_SO:SOIC-16_3.9x9.9mm_P1.27mm,https://www.nuvoton.com/export/resource-files/en-us--DS_NAU7802_DataSheet_EN_Rev2.6.pdf,LCSC,C5180029,1.7781,2026-08-21,1427,Lifecycle not machine-verified; check manufacturer PCN/EOL sources before release,2026-08-21,,1 @ $1.7781,"Configure internal LDO for 3.0 V AVDD, channel 1, PGA128, internal RC, 10 SPS; check CAL_ERR."
U3,1,SHT40-N-NF,Sensirion AG,SHT40-N-NF,Package_DFN_QFN:DFN-4_1.5x1.5mm_P0.8mm,https://sensirion.com/media/documents/33FD6951/6555C40E/Sensirion_Datasheet_SHT4x.pdf,LCSC,C54946589,0.9568,2026-09-05,1652,Lifecycle not machine-verified; check manufacturer PCN/EOL sources before release,2026-09-05,,LCSC listing at 1pc: $0.9568,"Humidity+temperature sensing path over I2C. SHT4x pin assignment (datasheet Fig. 18 top view): 1=SDA, 2=SCL, 3=VDD, 4=VSS."
